529781,Mirzapur,2016,October,82.27589986
529722,Umara,2016,October,78.25992386
529705,Jitapur Pr. Rupagad,2016,October,79.23804088
529703,Shahapur Pr. Rupagad,2016,October,80.74668039
529702,Rahnapur,2016,October,83.79410614
529748,Dangarkhed,2016,October,85.28235413
529702,Rahnapur,2016,October,83.79410614
527524,Javakhede,2016,October,82.76216654
527462,Nagaon Kh.,2016,October,83.25145559
527450,Dahiwad Kh.,2016,October,80.73832081
560008,Patoda,2016,October,72.75556032
560036,Daithana Radi,2016,October,72.72884113
560000,Kumbephal,2016,October,74.25066484
559995,Shripatrayachiwadi,2016,October,81.74000435
560027,Selu Amba,2016,October,78.73622666
560028,Pokhari,2016,October,77.73470507
560018,Shepwadi,2016,October,80.75467071
560019,Dongar Pimpla,2016,October,83.75380567
559988,Chichkhandi,2016,October,79.75262539
560013,Yelda,2016,October,80.74870734
560012,Mandva (pathan),2016,October,74.74121934
560075,Khapartong,2016,October,80.2443887
533814,TEMBHARI,2016,October,79.26709134
533808,BOTHALI,2016,October,79.74866445
533818,KAKADDARA,2016,October,80.74409086
533813,AJANGAON,2016,October,81.75119834
558833,Anandwadi,2016,October,64.26958721
558821,Pimpalgaon Dani,2016,October,64.73829302
558731,Bandkhel,2016,October,71.76077002
568584,Ambewadi,2016,October,76.24986237
568575,Sherewadi,2016,October,77.73877066
568571,Palaskhel,2016,October,70.74966986
568571,Palaskhel,2016,October,70.74966986
568618,Kamkatrewadi,2016,October,73.26122153
568620,Autewadi,2016,October,67.73500072
568620,Autewadi,2016,October,67.73500072
560677,Yekambiwadi,2016,October,79.2168972
560694,Ashiv,2016,October,66.24586581
560610,Yeloriwadi,2016,October,86.745248
560671,Dautpur,2016,October,80.23829646
560663,Ramegaon,2016,October,79.25272302
556901,Sawantwadi,2016,October,68.25921583
556897,Undavadi Kade Pathar,2016,October,68.74476708
562052,Dhotre,2016,October,81.73884804
562011,Khadkoni,2016,October,75.76752801
530463,Kanheri,2016,October,82.24732099
530452,Lohgadtanda (N.V.),2016,October,83.76527694
530464,Sarav,2016,October,84.25533493
530461,Chohagaon,2016,October,83.26139205
530537,Hatola,2016,October,78.25978544
530573,Kherda Kh.,2016,October,80.24476897
530573,Kherda Kh.,2016,October,80.24476897
544888,Hadoli,2016,October,80.25847211
544882,Nanda Bk.,2016,October,81.2514131
561192,Walha,2016,October,70.75221485
561191,Pathasangvi,2016,October,71.2531495
561221,Hiwara,2016,October,72.24757729
550493,Urdhul,2016,October,75.25047295
550460,Bopane,2016,October,78.24948361
531606,Hilda,2016,October,86.26113387
531539,Makhala,2016,October,79.26225341
542574,Shelodi,2016,October,82.75307082
542627,Tapona,2016,October,84.76521225
542636,Bothgavan,2016,October,82.2711874
534240,TALNI(BHAGWAT),2016,October,83.74629978
534248,FATTEPUR,2016,October,82.75999075
534225,EKAMBA,2016,October,83.25894912
560890,Nagtirthawadi,2016,October,78.75609795
560888,Kamaroddinpur,2016,October,79.24986402
531402,Sawalikheda,2016,October,86.76050111
531377,Sadrabardi,2016,October,82.74561047
531455,Ghuti,2016,October,86.26589123
531457,Mansubhawdi,2016,October,83.26293675
531449,Jutpani,2016,October,85.74194184
531383,Laktu,2016,October,84.24899724
559868,Umbrayachiwadi,2016,October,81.25434747
559851,Jaybhaychi Wadi,2016,October,76.75197807
548675,Nidhona,2016,October,77.24107281
548671,Wawana,2016,October,76.24884608
548662,Hiwara,2016,October,75.25008134
548725,Dongargaon Kawad,2016,October,78.24114938
548745,Waghola,2016,October,75.75013063
543331,Pandhurna Bk,2016,October,85.26576211
543343,Kumbhari,2016,October,86.26030383
557060,Vyahali,2016,October,72.25262399
556994,Lamjewadi,2016,October,73.25155033
557053,Ghorpadwadi,2016,October,70.73867322
556984,Shetphalgadhe,2016,October,71.25065974
556995,Nirgude,2016,October,71.25183185
556987,Takrarwadi,2016,October,42.27589695
528242,Khandvi,2016,October,80.73218168
528208,Wadgaon,2016,October,80.75206294
528208,Wadgaon  Patan,2016,October,80.75206294
568820,Navalwadi,2016,October,71.22706569
568844,Avandhi,2016,October,70.74958588
568847,Bagalwadi,2016,October,66.75493722
568849,Mokashawadi,2016,October,70.74972799
568832,Belunki,2016,October,69.74913916
568864,Lakdewadi,2016,October,81.75043557
568871,Maithal,2016,October,73.74193694
546579,Jamb kh,2016,October,81.74971634
546555,Sawargaon,2016,October,81.74605136
546633,Jununwadi,2016,October,80.75669224
559784,Anandgaon,2016,October,81.24500666
559780,Palaskheda,2016,October,78.75646625
559779,Depewadgaon,2016,October,78.2496307
559773,Kalam Amba,2016,October,83.75877937
559752,Chandansawargaon,2016,October,82.75700648
559772,Kekat Sarni,2016,October,81.26760335
559725,Kashidwadi,2016,October,82.24013528
561343,Wathawada,2016,October,80.24414424
561315,Shelka Dhanora,2016,October,80.25093163
561306,Pimpalgaon Dola,2016,October,79.74261781
561305,Bhatshirapura,2016,October,79.75922443
561316,Kherda,2016,October,79.22862523
542227,Narsapur,2016,October,79.76138857
542298,Tirzada,2016,October,80.23610562
542300,Rajur,2016,October,71.74724023
542307,Khadki,2016,October,73.74408982
546221,Kupti,2016,October,80.24343289
546194,Jaroda,2016,October,83.2467652
546127,Ramwadi,2016,October,83.25448033
530919,Dhanj  Bk,2016,October,81.260218
530855,Janori,2016,October,82.75570687
530861,Kakadshivni,2016,October,80.2585652
530896,Vilegaon,2016,October,76.75684846
530851,Bhadshivni,2016,October,79.74010049
530904,Jaipur,2016,October,79.23793065
533617,Kajali,2016,October,82.25156626
533621,Nandora,2016,October,81.25211794
558541,Supe,2016,October,74.26433313
558534,Diksal,2016,October,73.2468049
558583,Kumbhefal,2016,October,71.25102428
561857,Shelgaon (K),2016,October,70.74004399
561859,Sarapdoh,2016,October,69.23422366
561881,Malwadi,2016,October,72.76212087
568775,Kerewadi,2016,October,70.23281865
568779,Shelkewadi,2016,October,72.75325951
568563,Tadachiwadi,2016,October,73.75614152
568541,Balvadi (Kha),2016,October,71.74838145
568524,Jondhalkhindi,2016,October,73.74441308
568528,Renavi,2016,October,74.74985648
568519,Sangole,2016,October,72.74920642
568509,Pare,2016,October,70.74525111
563551,Yelmarwadi,2016,October,72.27153146
563530,Gopuj,2016,October,69.24048884
563516,Jaygaon,2016,October,70.76579692
563518,Nandoshi,2016,October,68.74992902
563511,Bhosare,2016,October,69.7381246
563504,Jakhangaon,2016,October,69.25713896
563469,Kalewadi,2016,October,72.29285633
548964,Khirdi,2016,October,68.75411136
548985,Mahamadpur,2016,October,76.21429269
549002,Mamnapur,2016,October,76.25225464
549000,Gadana,2016,October,77.74374254
549001,Borwadi,2016,October,77.74440997
549002,Mamnapur,2016,October,76.25225464
549006,Golegaon,2016,October,71.74490741
563655,Bodhewadi (N.V.),2016,October,67.75009421
563655,Bodhewadi (N.V.),2016,October,67.75009421
563743,Nagzari,2016,October,71.74537996
563669,Rui,2016,October,66.76642592
563669,Rui,2016,October,66.76642592
563726,Nhavi bk,2016,October,67.74122365
563719,Jaygaon,2016,October,67.2499551
563727,Pawarwadi,2016,October,65.76543239
563722,Velu,2016,October,68.23470644
563637,Bichukale,2016,October,66.23593794
563685,Bodhewadi (N.V.),2016,October,69.75663512
563687,Ramusmachi,2016,October,70.75018119
563623,Anbatwadi,2016,October,61.23551125
545303,Wagdarwadi,2016,October,77.76007104
545238,Kalambar Kh.,2016,October,81.7476942
561973,Bhend,2016,October,73.76233933
561991,Anjangaon Kh.,2016,October,71.24733286
562002,Londhewadi,2016,October,71.26253089
563432,Naravane,2016,October,73.25189231
563435,Dhamani,2016,October,71.24496357
563429,Kiraksal,2016,October,74.23255229
563416,Mahimangad,2016,October,73.25400134
563370,Parkhandi,2016,October,68.7375967
563394,Bidal,2016,October,72.24817351
563383,Anubhulewadi (N.V.),2016,October,75.250678
562653,Jitti,2016,October,84.76420332
562694,Asabewadi,2016,October,81.24059618
530743,Chakwa,2016,October,77.73612364
530753,Borwha bk.,2016,October,81.24470622
532333,Katsur,2016,October,75.74878962
532342,Shirajgaon,2016,October,76.74950246
528658,Sindkhed,2016,October,81.25074535
528661,Ridhora Khandopant,2016,October,79.74931783
558098,Mehekari,2016,October,70.75083813
558072,Manjar Sumbha,2016,October,70.25552833
533105,Pimpalgaon (Bainai),2016,October,80.74402143
533065,Mokhad,2016,October,81.25190691
533063,Kanzara,2016,October,81.25326345
525668,Dhamdai,2016,October,78.25918693
525665,Adachhi,2016,October,77.24905782
534815,Gaimukh,2016,October,77.27481719
534819,Gondegaon,2016,October,79.26005908
560826,Nadi Hattarga,2016,October,76.25387716
560805,Koyachiwadi,2016,October,81.86766997
560806,Rajewadi,2016,October,83.74626969
560804,Sangaraddiwadi,2016,October,78.24954344
560805,Koyachiwadi,2016,October,81.86766997
560805,Koyachiwadi,2016,October,81.86766997
560805,Koyachiwadi,2016,October,81.86766997
560808,Halgara,2016,October,80.25609087
560808,Halgara,2016,October,80.25609087
560811,Tagarkheda,2016,October,79.75182865
560732,Anandwadi (gaur),2016,October,69.4071886
560732,Anandwadi (gaur),2016,October,69.4071886
560732,Anandwadi (gaur),2016,October,69.4071886
560808,Halgara,2016,October,80.25609087
561477,Kawaldara Tanda,2016,October,82.74998914
561446,Darphal,2016,October,78.76931985
561458,Sakanewadi,2016,October,79.73863439
561062,Katewadi,2016,October,69.25352364
561083,Bodakha,2016,October,72.76935437
561109,Kumbhephal,2016,October,73.74506716
559917,Bhilegaon,2016,October,84.7646521
559904,Kavalyachiwadi,2016,October,80.74642099
558268,Palaspur,2016,October,72.25489646
558288,Nandur Pathar,2016,October,70.25200602
557949,Kaudgaon,2016,October,76.24420966
558056,Jogewadi,2016,October,69.26851927
558036,Jambhali,2016,October,73.7572362
530401,Jambharun,2016,October,79.76768645
530396,Shirla,2016,October,80.74165213
530358,Malsoor,2016,October,81.25117713
530353,Sawargaon,2016,October,79.75459245
530354,Pangartati,2016,October,75.75247196
530386,Charmoli,2016,October,66.75865318
556461,Waghapur,2016,October,67.75838954
556507,Bhairavwadi,2016,October,71.26402523
556492,Sakurde,2016,October,69.74149753
556457,Pokhar,2016,October,74.24025945
556457,Pokhar,2016,October,74.24025945
543678,Kochi,2016,October,78.24205537
543650,Vedshi,2016,October,77.74168765
543660,Chondhi,2016,October,80.75273922
543594,Warna,2016,October,79.74164025
543659,Khairgaon (kasar),2016,October,80.24389583
543646,Sakhi-Kh,2016,October,79.25135083
562557,Yelmar Mangewadi,2016,October,74.25434074
562602,Wani Chinchol,2016,October,78.25049083
562615,Narale,2016,October,74.25706963
528362,Kakoda,2016,October,83.7477253
528364,Manardi,2016,October,79.74319413
528294,Salwan,2016,October,77.75662207
533957,REHAKI(KALA),2016,October,73.75295965
534004,KHADKA,2016,October,77.26036832
533913,GAIMUKH,2016,October,73.73027676
551152,Wadzire,2016,October,74.75432126
551195,Mohu,2016,October,75.74408615
562158,Wadala,2016,October,79.75777878
562150,Bhagaiwadi,2016,October,78.73597963
562164,Honsal,2016,October,79.23819736
562165,Raleras,2016,October,76.77160975
562181,Hiraj,2016,October,79.25765598
562181,Hiraj,2016,October,79.25765598
562185,Belati,2016,October,77.74973231
568650,Biranwadi,2016,October,77.2517381
568645,Panmalewadi,2016,October,71.77372818
529621,Chipi,2016,October,79.2520268
542983,Parjana,2016,October,79.25146896
542933,Kalambula,2016,October,76.75024999
543056,Yekamba,2016,October,71.75975621
543045,Morchandi,2016,October,84.24960631
549131,Ballali Sagaj,2016,October,83.24770452
549125,Palkhed,2016,October,81.24294768
559834,Wharkarwadi,2016,October,71.74482192
559831,Amla,2016,October,77.2459232
532486,Sawanga,2016,October,73.24028988
532445,Amdapur,2016,October,77.74270353
532376,Pimpalkhuta,2016,October,73.76733233
532421,Wathoda,2016,October,77.75724061
532420,Musalkhed,2016,October,75.24055914
532425,Beskheda,2016,October,79.73698092
532426,Porgavhan,2016,October,77.74812148
532367,Tembhurkheda,2016,October,73.75276143
532365,Gavhankund,2016,October,73.75366248
542433,Shiwani Bk.,2016,October,80.75073471
542477,Dharamgaon,2016,October,79.72406152
529781,Mirzapur,2017,October,84.52988574
529722,Umara,2017,October,89.02451417
529705,Jitapur Pr. Rupagad,2017,October,86.97637423
529703,Shahapur Pr. Rupagad,2017,October,87.03069118
529702,Rahnapur,2017,October,89.47318736
529748,Dangarkhed,2017,October,89.51851897
529702,Rahnapur,2017,October,89.47318736
527524,Javakhede,2017,October,74.4822251
527462,Nagaon Kh.,2017,October,77.00230609
527450,Dahiwad Kh.,2017,October,72.98937073
560008,Patoda,2017,October,72.98209238
560036,Daithana Radi,2017,October,75.05718796
560000,Kumbephal,2017,October,81.00699758
559995,Shripatrayachiwadi,2017,October,79.00134846
560027,Selu Amba,2017,October,79.00697975
560028,Pokhari,2017,October,74.98939138
560018,Shepwadi,2017,October,68.99450289
560019,Dongar Pimpla,2017,October,78.9815923
559988,Chichkhandi,2017,October,73.01002108
560013,Yelda,2017,October,74.99260941
560012,Mandva (pathan),2017,October,68.99111596
560075,Khapartong,2017,October,74.94783026
533814,TEMBHARI,2017,October,79.47988936
533808,BOTHALI,2017,October,83.46493985
533818,KAKADDARA,2017,October,81.52308021
533813,AJANGAON,2017,October,83.00470749
558833,Anandwadi,2017,October,58.99711208
558821,Pimpalgaon Dani,2017,October,66.99519478
558731,Bandkhel,2017,October,65.00713029
568584,Ambewadi,2017,October,76.99527062
568575,Sherewadi,2017,October,77.03079792
568571,Palaskhel,2017,October,71.01773188
568571,Palaskhel,2017,October,71.01773188
568618,Kamkatrewadi,2017,October,69.00576676
568620,Autewadi,2017,October,64.99840627
568620,Autewadi,2017,October,64.99840627
560677,Yekambiwadi,2017,October,70.95583163
560694,Ashiv,2017,October,58.99978917
560610,Yeloriwadi,2017,October,74.98851427
560671,Dautpur,2017,October,76.97407664
560663,Ramegaon,2017,October,77.00122823
556901,Sawantwadi,2017,October,73.02141827
556897,Undavadi Kade Pathar,2017,October,73.01134538
562052,Dhotre,2017,October,71.01742861
562011,Khadkoni,2017,October,63.00429242
530463,Kanheri,2017,October,72.99872544
530452,Lohgadtanda (N.V.),2017,October,91.02712
530464,Sarav,2017,October,82.98855904
530461,Chohagaon,2017,October,85.53694584
530537,Hatola,2017,October,82.95745377
530573,Kherda Kh.,2017,October,69.02172634
530573,Kherda Kh.,2017,October,69.02172634
544888,Hadoli,2017,October,77.00881882
544882,Nanda Bk.,2017,October,71.02650525
561192,Walha,2017,October,63.0326525
561191,Pathasangvi,2017,October,71.00688785
561221,Hiwara,2017,October,64.97729968
550493,Urdhul,2017,October,67.50183418
550460,Bopane,2017,October,63.48976571
531606,Hilda,2017,October,84.48998825
531539,Makhala,2017,October,77.01213682
542574,Shelodi,2017,October,91.02545183
542627,Tapona,2017,October,96.97336768
542636,Bothgavan,2017,October,88.54180143
534240,TALNI(BHAGWAT),2017,October,89.50185567
534248,FATTEPUR,2017,October,88.49188335
534225,EKAMBA,2017,October,85.47842318
560890,Nagtirthawadi,2017,October,74.99769406
560888,Kamaroddinpur,2017,October,76.97524064
531402,Sawalikheda,2017,October,78.50093566
531377,Sadrabardi,2017,October,79.01909933
531455,Ghuti,2017,October,85.49594891
531457,Mansubhawdi,2017,October,83.53377252
531449,Jutpani,2017,October,83.50464351
531383,Laktu,2017,October,81.51398332
559868,Umbrayachiwadi,2017,October,76.97685702
559851,Jaybhaychi Wadi,2017,October,70.96604676
548675,Nidhona,2017,October,67.00750494
548671,Wawana,2017,October,66.98265163
548662,Hiwara,2017,October,67.02645291
548725,Dongargaon Kawad,2017,October,68.97122215
548745,Waghola,2017,October,67.00699642
543331,Pandhurna Bk,2017,October,83.51088788
543343,Kumbhari,2017,October,83.49342146
557060,Vyahali,2017,October,71.00862618
556994,Lamjewadi,2017,October,74.9736381
557053,Ghorpadwadi,2017,October,73.03495628
556984,Shetphalgadhe,2017,October,69.01331287
556995,Nirgude,2017,October,70.98535943
556987,Takrarwadi,2017,October,44.51734594
528242,Khandvi,2017,October,77.51270592
528208,Wadgaon,2017,October,80.98949286
528208,Wadgaon  Patan,2017,October,80.98949286
568820,Navalwadi,2017,October,71.01584028
568844,Avandhi,2017,October,69.00188505
568847,Bagalwadi,2017,October,71.03232138
568849,Mokashawadi,2017,October,70.98984604
568832,Belunki,2017,October,76.99829842
568864,Lakdewadi,2017,October,85.01143819
568871,Maithal,2017,October,82.97001431
546579,Jamb kh,2017,October,90.97353028
546555,Sawargaon,2017,October,77.0032449
546633,Jununwadi,2017,October,68.97447418
559784,Anandgaon,2017,October,72.98924303
559780,Palaskheda,2017,October,69.01157147
559779,Depewadgaon,2017,October,75.01851332
559773,Kalam Amba,2017,October,78.96851647
559752,Chandansawargaon,2017,October,74.9970649
559772,Kekat Sarni,2017,October,76.99164192
559725,Kashidwadi,2017,October,94.50061541
561343,Wathawada,2017,October,72.99622106
561315,Shelka Dhanora,2017,October,76.97253318
561306,Pimpalgaon Dola,2017,October,71.00147044
561305,Bhatshirapura,2017,October,65.00028035
561316,Kherda,2017,October,75.4933018
542227,Narsapur,2017,October,79.49257317
542298,Tirzada,2017,October,79.49734741
542300,Rajur,2017,October,73.01858956
542307,Khadki,2017,October,75.47719283
546221,Kupti,2017,October,71.02677677
546194,Jaroda,2017,October,77.0118732
546127,Ramwadi,2017,October,78.49052945
530919,Dhanj  Bk,2017,October,59.02164617
530855,Janori,2017,October,65.00796061
530861,Kakadshivni,2017,October,59.01332498
530896,Vilegaon,2017,October,56.99221996
530851,Bhadshivni,2017,October,51.03599536
530904,Jaipur,2017,October,60.99440388
533617,Kajali,2017,October,95.49484031
533621,Nandora,2017,October,88.51503649
558541,Supe,2017,October,64.99798051
558534,Diksal,2017,October,71.01699457
558583,Kumbhefal,2017,October,66.98480109
561857,Shelgaon (K),2017,October,64.97353485
561859,Sarapdoh,2017,October,59.00751132
561881,Malwadi,2017,October,75.01378386
568775,Kerewadi,2017,October,69.04034305
568779,Shelkewadi,2017,October,69.02462936
568563,Tadachiwadi,2017,October,72.99940186
568541,Balvadi (Kha),2017,October,69.00281043
568524,Jondhalkhindi,2017,October,76.99187641
568528,Renavi,2017,October,70.96950661
568519,Sangole,2017,October,73.01322441
568509,Pare,2017,October,68.99576477
563551,Yelmarwadi,2017,October,73.04905695
563530,Gopuj,2017,October,75.01064584
563516,Jaygaon,2017,October,78.02704141
563518,Nandoshi,2017,October,77.00214523
563511,Bhosare,2017,October,77.04848586
563504,Jakhangaon,2017,October,69.0100243
563469,Kalewadi,2017,October,68.52662243
548964,Khirdi,2017,October,59.02974001
548985,Mahamadpur,2017,October,63.49256228
549002,Mamnapur,2017,October,68.95458582
549000,Gadana,2017,October,72.99599901
549001,Borwadi,2017,October,69.51909183
549002,Mamnapur,2017,October,68.95458582
549006,Golegaon,2017,October,67.01668594
563655,Bodhewadi (N.V.),2017,October,71.0323757
563655,Bodhewadi (N.V.),2017,October,71.0323757
563743,Nagzari,2017,October,81.97206534
563669,Rui,2017,October,66.95947812
563669,Rui,2017,October,66.95947812
563726,Nhavi bk,2017,October,76.98086988
563719,Jaygaon,2017,October,74.98295397
563727,Pawarwadi,2017,October,77.02238157
563722,Velu,2017,October,78.99604473
563637,Bichukale,2017,October,76.98241329
563685,Bodhewadi (N.V.),2017,October,81.05948887
563687,Ramusmachi,2017,October,84.92338419
563623,Anbatwadi,2017,October,65.01421218
545303,Wagdarwadi,2017,October,63.03225097
545238,Kalambar Kh.,2017,October,69.03853599
561973,Bhend,2017,October,80.97881188
561991,Anjangaon Kh.,2017,October,75.01700464
562002,Londhewadi,2017,October,74.99686062
563432,Naravane,2017,October,77.01718811
563435,Dhamani,2017,October,72.97978561
563429,Kiraksal,2017,October,69.01573206
563416,Mahimangad,2017,October,65.00304824
563370,Parkhandi,2017,October,64.99330635
563394,Bidal,2017,October,79.00090685
563383,Anubhulewadi (N.V.),2017,October,75.01105036
562653,Jitti,2017,October,89.04181714
562694,Asabewadi,2017,October,94.9915852
530743,Chakwa,2017,October,80.50693339
530753,Borwha bk.,2017,October,81.48016098
532333,Katsur,2017,October,103.0024345
532342,Shirajgaon,2017,October,101.0042474
528658,Sindkhed,2017,October,63.071148
528661,Ridhora Khandopant,2017,October,65.00303606
558098,Mehekari,2017,October,62.98311271
558072,Manjar Sumbha,2017,October,63.00372147
533105,Pimpalgaon (Bainai),2017,October,63.00295656
533065,Mokhad,2017,October,59.02022697
533063,Kanzara,2017,October,66.99753139
525668,Dhamdai,2017,October,72.48952569
525665,Adachhi,2017,October,74.50295536
534815,Gaimukh,2017,October,83.51346289
534819,Gondegaon,2017,October,84.49844278
560826,Nadi Hattarga,2017,October,74.9982854
560805,Koyachiwadi,2017,October,69.61550008
560806,Rajewadi,2017,October,67.4753513
560804,Sangaraddiwadi,2017,October,68.94434287
560805,Koyachiwadi,2017,October,69.61550008
560805,Koyachiwadi,2017,October,69.61550008
560805,Koyachiwadi,2017,October,69.61550008
560808,Halgara,2017,October,70.99180579
560808,Halgara,2017,October,70.99180579
560811,Tagarkheda,2017,October,73.00363094
560732,Anandwadi (gaur),2017,October,68.12603195
560732,Anandwadi (gaur),2017,October,68.12603195
560732,Anandwadi (gaur),2017,October,68.12603195
560808,Halgara,2017,October,70.99180579
561477,Kawaldara Tanda,2017,October,81.08035742
561446,Darphal,2017,October,75.01337479
561458,Sakanewadi,2017,October,71.0166021
561062,Katewadi,2017,October,57.03813015
561083,Bodakha,2017,October,65.03844449
561109,Kumbhephal,2017,October,65.01215564
559917,Bhilegaon,2017,October,67.00582025
559904,Kavalyachiwadi,2017,October,68.9856675
558268,Palaspur,2017,October,60.99255735
558288,Nandur Pathar,2017,October,65.00325971
557949,Kaudgaon,2017,October,69.00272593
558056,Jogewadi,2017,October,60.95436087
558036,Jambhali,2017,October,67.01130559
530401,Jambharun,2017,October,98.97851294
530396,Shirla,2017,October,89.00543481
530358,Malsoor,2017,October,96.98871801
530353,Sawargaon,2017,October,95.01153628
530354,Pangartati,2017,October,94.98187351
530386,Charmoli,2017,October,73.02846702
556461,Waghapur,2017,October,70.99418325
556507,Bhairavwadi,2017,October,72.94849565
556492,Sakurde,2017,October,72.99865445
556457,Pokhar,2017,October,90.95555607
556457,Pokhar,2017,October,90.95555607
543678,Kochi,2017,October,84.49265723
543650,Vedshi,2017,October,81.00399471
543660,Chondhi,2017,October,79.50755617
543594,Warna,2017,October,78.98569485
543659,Khairgaon (kasar),2017,October,80.50498754
543646,Sakhi-Kh,2017,October,76.51512694
562557,Yelmar Mangewadi,2017,October,79.03503122
562602,Wani Chinchol,2017,October,78.97702621
562615,Narale,2017,October,73.02238546
528362,Kakoda,2017,October,79.51793472
528364,Manardi,2017,October,74.52147867
528294,Salwan,2017,October,81.01517616
533957,REHAKI(KALA),2017,October,83.49674202
534004,KHADKA,2017,October,87.01328399
533913,GAIMUKH,2017,October,87.49791906
551152,Wadzire,2017,October,69.0041316
551195,Mohu,2017,October,68.98931672
562158,Wadala,2017,October,73.01057415
562150,Bhagaiwadi,2017,October,73.0426137
562164,Honsal,2017,October,74.97751389
562165,Raleras,2017,October,71.04099221
562181,Hiraj,2017,October,71.00463687
562181,Hiraj,2017,October,71.00463687
562185,Belati,2017,October,83.00663291
568650,Biranwadi,2017,October,78.95157892
568645,Panmalewadi,2017,October,91.00932761
529621,Chipi,2017,October,83.0026183
542983,Parjana,2017,October,60.97564905
542933,Kalambula,2017,October,78.91208386
543056,Yekamba,2017,October,67.01786245
543045,Morchandi,2017,October,77.51244784
549131,Ballali Sagaj,2017,October,83.01772108
549125,Palkhed,2017,October,83.00820955
559834,Wharkarwadi,2017,October,60.97043063
559831,Amla,2017,October,66.96488198
532486,Sawanga,2017,October,74.99116415
532445,Amdapur,2017,October,79.50746747
532376,Pimpalkhuta,2017,October,67.49170527
532421,Wathoda,2017,October,83.495311
532420,Musalkhed,2017,October,77.49492021
532425,Beskheda,2017,October,88.48624305
532426,Porgavhan,2017,October,88.99431226
532367,Tembhurkheda,2017,October,70.99482054
532365,Gavhankund,2017,October,71.50821712
542433,Shiwani Bk.,2017,October,81.4990058
542477,Dharamgaon,2017,October,83.45889827
529781,Mirzapur,2018,October,59.46119848
529722,Umara,2018,October,67.00878902
529705,Jitapur Pr. Rupagad,2018,October,68.44502641
529703,Shahapur Pr. Rupagad,2018,October,68.97659587
529702,Rahnapur,2018,October,77.5220866
529748,Dangarkhed,2018,October,70.47230812
529702,Rahnapur,2018,October,77.5220866
527524,Javakhede,2018,October,43.0210602
527462,Nagaon Kh.,2018,October,57.02314487
527450,Dahiwad Kh.,2018,October,59.48578646
560008,Patoda,2018,October,48.99509314
560036,Daithana Radi,2018,October,39.02529658
560000,Kumbephal,2018,October,49.02029932
559995,Shripatrayachiwadi,2018,October,58.98546803
560027,Selu Amba,2018,October,53.01012838
560028,Pokhari,2018,October,53.00803128
560018,Shepwadi,2018,October,50.99832906
560019,Dongar Pimpla,2018,October,59.01038587
559988,Chichkhandi,2018,October,49.00188605
560013,Yelda,2018,October,50.99892551
560012,Mandva (pathan),2018,October,50.97977356
560075,Khapartong,2018,October,55.51265615
533814,TEMBHARI,2018,October,68.51766381
533808,BOTHALI,2018,October,67.48945069
533818,KAKADDARA,2018,October,70.51036807
533813,AJANGAON,2018,October,69.02141301
558833,Anandwadi,2018,October,53.06381967
558821,Pimpalgaon Dani,2018,October,52.97936475
558731,Bandkhel,2018,October,46.99394856
568584,Ambewadi,2018,October,38.99584267
568575,Sherewadi,2018,October,38.0429336
568571,Palaskhel,2018,October,46.98656637
568571,Palaskhel,2018,October,46.98656637
568618,Kamkatrewadi,2018,October,59.01824296
568620,Autewadi,2018,October,57.01949969
568620,Autewadi,2018,October,57.01949969
560677,Yekambiwadi,2018,October,67.02738675
560694,Ashiv,2018,October,67.01957532
560610,Yeloriwadi,2018,October,60.48507115
560671,Dautpur,2018,October,56.97739475
560663,Ramegaon,2018,October,51.02302978
556901,Sawantwadi,2018,October,45.02915997
556897,Undavadi Kade Pathar,2018,October,46.99347387
562052,Dhotre,2018,October,51.02224612
562011,Khadkoni,2018,October,49.03899398
530463,Kanheri,2018,October,58.00256473
530452,Lohgadtanda (N.V.),2018,October,63.49413171
530464,Sarav,2018,October,63.01492448
530461,Chohagaon,2018,October,67.50786315
530537,Hatola,2018,October,54.98946271
530573,Kherda Kh.,2018,October,54.97184908
530573,Kherda Kh.,2018,October,54.97184908
544888,Hadoli,2018,October,56.98689692
544882,Nanda Bk.,2018,October,56.51008026
561192,Walha,2018,October,38.98153742
561191,Pathasangvi,2018,October,53.00769185
561221,Hiwara,2018,October,56.97365689
550493,Urdhul,2018,October,50.50299958
550460,Bopane,2018,October,50.49621764
531606,Hilda,2018,October,68.45793759
531539,Makhala,2018,October,67.02216794
542574,Shelodi,2018,October,58.97319128
542627,Tapona,2018,October,57.00950141
542636,Bothgavan,2018,October,57.00357529
534240,TALNI(BHAGWAT),2018,October,71.47700947
534248,FATTEPUR,2018,October,70.99944279
534225,EKAMBA,2018,October,71.49635007
560890,Nagtirthawadi,2018,October,52.46713609
560888,Kamaroddinpur,2018,October,42.47299555
531402,Sawalikheda,2018,October,69.00457853
531377,Sadrabardi,2018,October,65.01457321
531455,Ghuti,2018,October,68.96237235
531457,Mansubhawdi,2018,October,64.99035723
531449,Jutpani,2018,October,66.49209667
531383,Laktu,2018,October,66.98940225
559868,Umbrayachiwadi,2018,October,49.02848133
559851,Jaybhaychi Wadi,2018,October,61.50338022
548675,Nidhona,2018,October,49.00856289
548671,Wawana,2018,October,50.48370696
548662,Hiwara,2018,October,48.99965577
548725,Dongargaon Kawad,2018,October,46.99561487
548745,Waghola,2018,October,53.03608822
543331,Pandhurna Bk,2018,October,69.51121364
543343,Kumbhari,2018,October,73.48734853
557060,Vyahali,2018,October,42.97863731
556994,Lamjewadi,2018,October,55.01033813
557053,Ghorpadwadi,2018,October,55.01420785
556984,Shetphalgadhe,2018,October,57.00445814
556995,Nirgude,2018,October,57.01585751
556987,Takrarwadi,2018,October,18.90838169
528242,Khandvi,2018,October,57.53836622
528208,Wadgaon,2018,October,66.51819158
528208,Wadgaon  Patan,2018,October,66.51819158
568820,Navalwadi,2018,October,53.0207938
568844,Avandhi,2018,October,51.01529695
568847,Bagalwadi,2018,October,44.96720954
568849,Mokashawadi,2018,October,45.03114751
568832,Belunki,2018,October,54.99266809
568864,Lakdewadi,2018,October,71.00860543
568871,Maithal,2018,October,59.01650045
546579,Jamb kh,2018,October,60.98826686
546555,Sawargaon,2018,October,61.50052502
546633,Jununwadi,2018,October,58.49917365
559784,Anandgaon,2018,October,46.98852094
559780,Palaskheda,2018,October,44.9418834
559779,Depewadgaon,2018,October,52.99504541
559773,Kalam Amba,2018,October,48.98642992
559752,Chandansawargaon,2018,October,47.02307169
559772,Kekat Sarni,2018,October,45.02831612
559725,Kashidwadi,2018,October,63.50427491
561343,Wathawada,2018,October,55.03995448
561315,Shelka Dhanora,2018,October,52.95928947
561306,Pimpalgaon Dola,2018,October,51.47850868
561305,Bhatshirapura,2018,October,43.05027431
561316,Kherda,2018,October,52.54278639
542227,Narsapur,2018,October,69.00399266
542298,Tirzada,2018,October,72.52671803
542300,Rajur,2018,October,64.9652981
542307,Khadki,2018,October,66.97722254
546221,Kupti,2018,October,49.50072714
546194,Jaroda,2018,October,61.49956768
546127,Ramwadi,2018,October,55.47628196
530919,Dhanj  Bk,2018,October,54.51570024
530855,Janori,2018,October,55.47415459
530861,Kakadshivni,2018,October,55.51133683
530896,Vilegaon,2018,October,49.48477587
530851,Bhadshivni,2018,October,55.01360391
530904,Jaipur,2018,October,54.98367568
533617,Kajali,2018,October,77.51539836
533621,Nandora,2018,October,73.50807451
558541,Supe,2018,October,42.99857717
558534,Diksal,2018,October,46.9938158
558583,Kumbhefal,2018,October,41.01413405
561857,Shelgaon (K),2018,October,33.01044776
561859,Sarapdoh,2018,October,42.98630084
561881,Malwadi,2018,October,45.01659681
568775,Kerewadi,2018,October,52.96492647
568779,Shelkewadi,2018,October,57.00323628
568563,Tadachiwadi,2018,October,55.00209365
568541,Balvadi (Kha),2018,October,52.99418618
568524,Jondhalkhindi,2018,October,62.98315732
568528,Renavi,2018,October,58.98881382
568519,Sangole,2018,October,61.00798253
568509,Pare,2018,October,58.99808824
563551,Yelmarwadi,2018,October,56.98626731
563530,Gopuj,2018,October,58.98850157
563516,Jaygaon,2018,October,63.02938634
563518,Nandoshi,2018,October,63.02526259
563511,Bhosare,2018,October,64.98762256
563504,Jakhangaon,2018,October,69.01449204
563469,Kalewadi,2018,October,57.50478138
548964,Khirdi,2018,October,40.97632822
548985,Mahamadpur,2018,October,40.48389055
549002,Mamnapur,2018,October,44.97883922
549000,Gadana,2018,October,37.01397164
549001,Borwadi,2018,October,41.5614817
549002,Mamnapur,2018,October,44.97883922
549006,Golegaon,2018,October,38.97401935
563655,Bodhewadi (N.V.),2018,October,52.49069488
563655,Bodhewadi (N.V.),2018,October,52.49069488
563743,Nagzari,2018,October,67.01239879
563669,Rui,2018,October,58.49014081
563669,Rui,2018,October,58.49014081
563726,Nhavi bk,2018,October,66.99183638
563719,Jaygaon,2018,October,69.48420076
563727,Pawarwadi,2018,October,65.01429724
563722,Velu,2018,October,65.01381241
563637,Bichukale,2018,October,69.01293103
563685,Bodhewadi (N.V.),2018,October,61.00710815
563687,Ramusmachi,2018,October,64.97362455
563623,Anbatwadi,2018,October,55.03663214
545303,Wagdarwadi,2018,October,54.00818893
545238,Kalambar Kh.,2018,October,56.51822076
561973,Bhend,2018,October,36.99856757
561991,Anjangaon Kh.,2018,October,45.00879793
562002,Londhewadi,2018,October,49.48839447
563432,Naravane,2018,October,56.98942762
563435,Dhamani,2018,October,51.00893651
563429,Kiraksal,2018,October,61.01055331
563416,Mahimangad,2018,October,57.01130586
563370,Parkhandi,2018,October,56.99552403
563394,Bidal,2018,October,53.01686789
563383,Anubhulewadi (N.V.),2018,October,55.00928585
562653,Jitti,2018,October,65.0374776
562694,Asabewadi,2018,October,78.99329638
530743,Chakwa,2018,October,49.51496168
530753,Borwha bk.,2018,October,52.9764032
532333,Katsur,2018,October,52.96608946
532342,Shirajgaon,2018,October,49.01545546
528658,Sindkhed,2018,October,56.47789247
528661,Ridhora Khandopant,2018,October,50.49121937
558098,Mehekari,2018,October,50.99541705
558072,Manjar Sumbha,2018,October,55.01680412
533105,Pimpalgaon (Bainai),2018,October,61.03237764
533065,Mokhad,2018,October,56.49536594
533063,Kanzara,2018,October,62.49964549
525668,Dhamdai,2018,October,45.47934093
525665,Adachhi,2018,October,52.52611831
534815,Gaimukh,2018,October,69.05773138
534819,Gondegaon,2018,October,72.51024221
560826,Nadi Hattarga,2018,October,57.00569464
560805,Koyachiwadi,2018,October,60.48600581
560806,Rajewadi,2018,October,48.99276474
560804,Sangaraddiwadi,2018,October,46.9890502
560805,Koyachiwadi,2018,October,60.48600581
560805,Koyachiwadi,2018,October,60.48600581
560805,Koyachiwadi,2018,October,60.48600581
560808,Halgara,2018,October,44.99111439
560808,Halgara,2018,October,44.99111439
560811,Tagarkheda,2018,October,46.99930715
560732,Anandwadi (gaur),2018,October,58.60553228
560732,Anandwadi (gaur),2018,October,58.60553228
560732,Anandwadi (gaur),2018,October,58.60553228
560808,Halgara,2018,October,44.99111439
561477,Kawaldara Tanda,2018,October,67.0016211
561446,Darphal,2018,October,56.98769877
561458,Sakanewadi,2018,October,51.04180508
561062,Katewadi,2018,October,31.01139396
561083,Bodakha,2018,October,46.50361553
561109,Kumbhephal,2018,October,50.98568037
559917,Bhilegaon,2018,October,56.00601544
559904,Kavalyachiwadi,2018,October,49.02227978
558268,Palaspur,2018,October,44.98459082
558288,Nandur Pathar,2018,October,52.99669907
557949,Kaudgaon,2018,October,57.03043554
558056,Jogewadi,2018,October,41.00844018
558036,Jambhali,2018,October,30.94843652
530401,Jambharun,2018,October,61.00380992
530396,Shirla,2018,October,58.50196818
530358,Malsoor,2018,October,61.00623693
530353,Sawargaon,2018,October,59.00799763
530354,Pangartati,2018,October,54.98493125
530386,Charmoli,2018,October,56.48094764
556461,Waghapur,2018,October,52.97155479
556507,Bhairavwadi,2018,October,61.04198012
556492,Sakurde,2018,October,67.0271275
556457,Pokhar,2018,October,70.51829599
556457,Pokhar,2018,October,70.51829599
543678,Kochi,2018,October,62.49722165
543650,Vedshi,2018,October,63.00615377
543660,Chondhi,2018,October,65.52532049
543594,Warna,2018,October,70.99162921
543659,Khairgaon (kasar),2018,October,60.52326375
543646,Sakhi-Kh,2018,October,62.51553085
562557,Yelmar Mangewadi,2018,October,54.99600679
562602,Wani Chinchol,2018,October,52.9968893
562615,Narale,2018,October,50.98558595
528362,Kakoda,2018,October,65.48439427
528364,Manardi,2018,October,63.52227577
528294,Salwan,2018,October,59.03208161
533957,REHAKI(KALA),2018,October,59.49993965
534004,KHADKA,2018,October,65.0641705
533913,GAIMUKH,2018,October,64.52905079
551152,Wadzire,2018,October,51.03578494
551195,Mohu,2018,October,50.9826516
562158,Wadala,2018,October,61.00599141
562150,Bhagaiwadi,2018,October,54.97623594
562164,Honsal,2018,October,60.99411829
562165,Raleras,2018,October,56.95819788
562181,Hiraj,2018,October,49.00699739
562181,Hiraj,2018,October,49.00699739
562185,Belati,2018,October,51.00544493
568650,Biranwadi,2018,October,60.99700496
568645,Panmalewadi,2018,October,68.99942382
529621,Chipi,2018,October,68.53725965
542983,Parjana,2018,October,51.47658035
542933,Kalambula,2018,October,42.50466011
543056,Yekamba,2018,October,60.49975643
543045,Morchandi,2018,October,69.47388774
549131,Ballali Sagaj,2018,October,39.03402193
549125,Palkhed,2018,October,35.00015359
559834,Wharkarwadi,2018,October,53.01229266
559831,Amla,2018,October,52.98743081
532486,Sawanga,2018,October,59.03195231
532445,Amdapur,2018,October,60.45776741
532376,Pimpalkhuta,2018,October,52.45837005
532421,Wathoda,2018,October,68.4998924
532420,Musalkhed,2018,October,65.49543176
532425,Beskheda,2018,October,72.51488052
532426,Porgavhan,2018,October,72.98723167
532367,Tembhurkheda,2018,October,57.01349883
532365,Gavhankund,2018,October,54.52368062
542433,Shiwani Bk.,2018,October,69.47725072
542477,Dharamgaon,2018,October,74.54713463
529781,Mirzapur,2016,November,70.22367337
529722,Umara,2016,November,68.22672743
529705,Jitapur Pr. Rupagad,2016,November,71.75049126
529703,Shahapur Pr. Rupagad,2016,November,71.26352642
529702,Rahnapur,2016,November,80.80757875
529748,Dangarkhed,2016,November,69.22206847
529702,Rahnapur,2016,November,80.80757875
527524,Javakhede,2016,November,57.25368362
527462,Nagaon Kh.,2016,November,62.72512093
527450,Dahiwad Kh.,2016,November,65.7425224
560008,Patoda,2016,November,57.24816877
560036,Daithana Radi,2016,November,59.23360149
560000,Kumbephal,2016,November,59.24163784
559995,Shripatrayachiwadi,2016,November,61.7501714
560027,Selu Amba,2016,November,61.24607934
560028,Pokhari,2016,November,60.758152
560018,Shepwadi,2016,November,58.75795316
560019,Dongar Pimpla,2016,November,62.75668645
559988,Chichkhandi,2016,November,60.24652927
560013,Yelda,2016,November,60.25232857
560012,Mandva (pathan),2016,November,55.24778884
560075,Khapartong,2016,November,59.24641479
533814,TEMBHARI,2016,November,59.23987502
533808,BOTHALI,2016,November,63.24390248
533818,KAKADDARA,2016,November,65.24938443
533813,AJANGAON,2016,November,65.2538257
558833,Anandwadi,2016,November,54.26493451
558821,Pimpalgaon Dani,2016,November,52.73430572
558731,Bandkhel,2016,November,53.25199811
568584,Ambewadi,2016,November,51.25966422
568575,Sherewadi,2016,November,49.7763803
568571,Palaskhel,2016,November,47.74781223
568571,Palaskhel,2016,November,47.74781223
568618,Kamkatrewadi,2016,November,50.23448209
568620,Autewadi,2016,November,47.27496925
568620,Autewadi,2016,November,47.27496925
560677,Yekambiwadi,2016,November,58.76551168
560694,Ashiv,2016,November,53.746044
560610,Yeloriwadi,2016,November,68.2475888
560671,Dautpur,2016,November,65.75409989
560663,Ramegaon,2016,November,62.74817072
556901,Sawantwadi,2016,November,50.75312953
556897,Undavadi Kade Pathar,2016,November,52.24100706
562052,Dhotre,2016,November,57.74990409
562011,Khadkoni,2016,November,57.26604779
530463,Kanheri,2016,November,58.74504259
530452,Lohgadtanda (N.V.),2016,November,63.75936257
530464,Sarav,2016,November,58.74733482
530461,Chohagaon,2016,November,69.2413656
530537,Hatola,2016,November,60.7302258
530573,Kherda Kh.,2016,November,60.7378759
530573,Kherda Kh.,2016,November,60.7378759
544888,Hadoli,2016,November,62.25651952
544882,Nanda Bk.,2016,November,64.73331337
561192,Walha,2016,November,57.25632254
561191,Pathasangvi,2016,November,56.24320011
561221,Hiwara,2016,November,53.74234478
550493,Urdhul,2016,November,58.74596038
550460,Bopane,2016,November,57.27536182
531606,Hilda,2016,November,61.73914232
531539,Makhala,2016,November,59.2380978
542574,Shelodi,2016,November,65.75926543
542627,Tapona,2016,November,66.72888053
542636,Bothgavan,2016,November,66.73038374
534240,TALNI(BHAGWAT),2016,November,70.74550424
534248,FATTEPUR,2016,November,68.24396658
534225,EKAMBA,2016,November,66.24402354
560890,Nagtirthawadi,2016,November,70.75688967
560888,Kamaroddinpur,2016,November,64.74828018
531402,Sawalikheda,2016,November,65.74331068
531377,Sadrabardi,2016,November,60.7415581
531455,Ghuti,2016,November,63.73160876
531457,Mansubhawdi,2016,November,62.25207308
531449,Jutpani,2016,November,64.26282725
531383,Laktu,2016,November,63.25374943
559868,Umbrayachiwadi,2016,November,62.26322711
559851,Jaybhaychi Wadi,2016,November,57.7714466
548675,Nidhona,2016,November,56.24031387
548671,Wawana,2016,November,56.75073061
548662,Hiwara,2016,November,52.7465937
548725,Dongargaon Kawad,2016,November,55.75142072
548745,Waghola,2016,November,51.75368761
543331,Pandhurna Bk,2016,November,72.75381799
543343,Kumbhari,2016,November,72.23788857
557060,Vyahali,2016,November,51.24445282
556994,Lamjewadi,2016,November,52.74870842
557053,Ghorpadwadi,2016,November,54.77228464
556984,Shetphalgadhe,2016,November,47.73796105
556995,Nirgude,2016,November,49.74913577
556987,Takrarwadi,2016,November,38.23092553
528242,Khandvi,2016,November,60.26392051
528208,Wadgaon,2016,November,63.75908753
528208,Wadgaon  Patan,2016,November,63.75908753
568820,Navalwadi,2016,November,51.74151248
568844,Avandhi,2016,November,49.25285036
568847,Bagalwadi,2016,November,52.76725261
568849,Mokashawadi,2016,November,51.73001421
568832,Belunki,2016,November,52.24348519
568864,Lakdewadi,2016,November,60.24531463
568871,Maithal,2016,November,55.226373
546579,Jamb kh,2016,November,61.2629743
546555,Sawargaon,2016,November,63.24561317
546633,Jununwadi,2016,November,61.23971175
559784,Anandgaon,2016,November,63.74676826
559780,Palaskheda,2016,November,61.24711388
559779,Depewadgaon,2016,November,62.26250294
559773,Kalam Amba,2016,November,66.25429388
559752,Chandansawargaon,2016,November,64.24998064
559772,Kekat Sarni,2016,November,64.74718837
559725,Kashidwadi,2016,November,61.26516212
561343,Wathawada,2016,November,53.24902776
561315,Shelka Dhanora,2016,November,54.73529175
561306,Pimpalgaon Dola,2016,November,57.74935872
561305,Bhatshirapura,2016,November,57.22454043
561316,Kherda,2016,November,56.2514173
542227,Narsapur,2016,November,68.763563
542298,Tirzada,2016,November,71.24419313
542300,Rajur,2016,November,61.74487047
542307,Khadki,2016,November,62.75237599
546221,Kupti,2016,November,65.74922856
546194,Jaroda,2016,November,62.74098447
546127,Ramwadi,2016,November,65.23556241
530919,Dhanj  Bk,2016,November,57.24554786
530855,Janori,2016,November,65.25072513
530861,Kakadshivni,2016,November,62.75539063
530896,Vilegaon,2016,November,62.24533076
530851,Bhadshivni,2016,November,65.74399782
530904,Jaipur,2016,November,61.23347061
533617,Kajali,2016,November,63.25760434
533621,Nandora,2016,November,62.27186087
558541,Supe,2016,November,53.75689418
558534,Diksal,2016,November,57.24984734
558583,Kumbhefal,2016,November,48.25172091
561857,Shelgaon (K),2016,November,52.23838484
561859,Sarapdoh,2016,November,56.7647403
561881,Malwadi,2016,November,55.74742763
568775,Kerewadi,2016,November,48.7453119
568779,Shelkewadi,2016,November,47.7562427
568563,Tadachiwadi,2016,November,51.24199162
568541,Balvadi (Kha),2016,November,49.24942295
568524,Jondhalkhindi,2016,November,49.26551015
568528,Renavi,2016,November,50.25015548
568519,Sangole,2016,November,48.22209882
568509,Pare,2016,November,47.75124663
563551,Yelmarwadi,2016,November,47.2523204
563530,Gopuj,2016,November,46.24911936
563516,Jaygaon,2016,November,45.74461804
563518,Nandoshi,2016,November,42.72533834
563511,Bhosare,2016,November,47.26323084
563504,Jakhangaon,2016,November,49.25510473
563469,Kalewadi,2016,November,45.24580105
548964,Khirdi,2016,November,50.24303773
548985,Mahamadpur,2016,November,56.249649
549002,Mamnapur,2016,November,56.75179865
549000,Gadana,2016,November,54.22510747
549001,Borwadi,2016,November,59.28350972
549002,Mamnapur,2016,November,56.75179865
549006,Golegaon,2016,November,50.75695287
563655,Bodhewadi (N.V.),2016,November,48.2399279
563655,Bodhewadi (N.V.),2016,November,48.2399279
563743,Nagzari,2016,November,42.25785333
563669,Rui,2016,November,47.74084463
563669,Rui,2016,November,47.74084463
563726,Nhavi bk,2016,November,42.25370628
563719,Jaygaon,2016,November,44.74640549
563727,Pawarwadi,2016,November,41.25180947
563722,Velu,2016,November,42.25540532
563637,Bichukale,2016,November,44.77089576
563685,Bodhewadi (N.V.),2016,November,46.22319987
563687,Ramusmachi,2016,November,52.75085312
563623,Anbatwadi,2016,November,42.76479162
545303,Wagdarwadi,2016,November,59.74583161
545238,Kalambar Kh.,2016,November,63.25953701
561973,Bhend,2016,November,53.25894855
561991,Anjangaon Kh.,2016,November,57.74848909
562002,Londhewadi,2016,November,57.25606351
563432,Naravane,2016,November,45.75690447
563435,Dhamani,2016,November,51.74982682
563429,Kiraksal,2016,November,44.25282507
563416,Mahimangad,2016,November,46.23969538
563370,Parkhandi,2016,November,49.2394807
563394,Bidal,2016,November,47.74772062
563383,Anubhulewadi (N.V.),2016,November,50.76912498
562653,Jitti,2016,November,65.75176642
562694,Asabewadi,2016,November,67.28816626
530743,Chakwa,2016,November,68.24964254
530753,Borwha bk.,2016,November,66.26044987
532333,Katsur,2016,November,58.73728825
532342,Shirajgaon,2016,November,56.75374918
528658,Sindkhed,2016,November,63.26911997
528661,Ridhora Khandopant,2016,November,59.76994113
558098,Mehekari,2016,November,49.75272253
558072,Manjar Sumbha,2016,November,50.26040111
533105,Pimpalgaon (Bainai),2016,November,60.25550535
533065,Mokhad,2016,November,61.24817984
533063,Kanzara,2016,November,63.25735258
525668,Dhamdai,2016,November,68.76155277
525665,Adachhi,2016,November,66.7521649
534815,Gaimukh,2016,November,63.73395295
534819,Gondegaon,2016,November,63.27171061
560826,Nadi Hattarga,2016,November,59.24518109
560805,Koyachiwadi,2016,November,62.21171231
560806,Rajewadi,2016,November,65.75869474
560804,Sangaraddiwadi,2016,November,63.7370673
560805,Koyachiwadi,2016,November,62.21171231
560805,Koyachiwadi,2016,November,62.21171231
560805,Koyachiwadi,2016,November,62.21171231
560808,Halgara,2016,November,64.73975823
560808,Halgara,2016,November,64.73975823
560811,Tagarkheda,2016,November,63.74993693
560732,Anandwadi (gaur),2016,November,62.25353246
560732,Anandwadi (gaur),2016,November,62.25353246
560732,Anandwadi (gaur),2016,November,62.25353246
560808,Halgara,2016,November,64.73975823
561477,Kawaldara Tanda,2016,November,61.75879041
561446,Darphal,2016,November,54.74283743
561458,Sakanewadi,2016,November,58.26196696
561062,Katewadi,2016,November,55.76286956
561083,Bodakha,2016,November,61.22779775
561109,Kumbhephal,2016,November,58.75669229
559917,Bhilegaon,2016,November,64.77990503
559904,Kavalyachiwadi,2016,November,66.25475979
558268,Palaspur,2016,November,58.74249047
558288,Nandur Pathar,2016,November,48.243423
557949,Kaudgaon,2016,November,54.22690898
558056,Jogewadi,2016,November,46.74920578
558036,Jambhali,2016,November,54.73381155
530401,Jambharun,2016,November,64.24035065
530396,Shirla,2016,November,63.26055933
530358,Malsoor,2016,November,67.74367395
530353,Sawargaon,2016,November,60.25092263
530354,Pangartati,2016,November,58.75356337
530386,Charmoli,2016,November,52.73830319
556461,Waghapur,2016,November,44.75748077
556507,Bhairavwadi,2016,November,51.78131659
556492,Sakurde,2016,November,46.24968609
556457,Pokhar,2016,November,49.76917775
556457,Pokhar,2016,November,49.76917775
543678,Kochi,2016,November,68.73146122
543650,Vedshi,2016,November,62.74395731
543660,Chondhi,2016,November,67.22617484
543594,Warna,2016,November,68.2427318
543659,Khairgaon (kasar),2016,November,62.75141298
543646,Sakhi-Kh,2016,November,62.23183501
562557,Yelmar Mangewadi,2016,November,52.24618975
562602,Wani Chinchol,2016,November,57.25113929
562615,Narale,2016,November,51.74724915
528362,Kakoda,2016,November,64.75161311
528364,Manardi,2016,November,65.24773689
528294,Salwan,2016,November,61.75290967
533957,REHAKI(KALA),2016,November,64.25158553
534004,KHADKA,2016,November,66.74375568
533913,GAIMUKH,2016,November,66.736132
551152,Wadzire,2016,November,48.75261053
551195,Mohu,2016,November,44.25915809
562158,Wadala,2016,November,63.75338247
562150,Bhagaiwadi,2016,November,59.27729625
562164,Honsal,2016,November,64.75383581
562165,Raleras,2016,November,64.23313834
562181,Hiraj,2016,November,53.24893894
562181,Hiraj,2016,November,53.24893894
562185,Belati,2016,November,58.23320186
568650,Biranwadi,2016,November,47.73648437
568645,Panmalewadi,2016,November,49.23777895
529621,Chipi,2016,November,69.74445043
542983,Parjana,2016,November,68.26717001
542933,Kalambula,2016,November,57.75250765
543056,Yekamba,2016,November,55.74594273
543045,Morchandi,2016,November,73.7473355
549131,Ballali Sagaj,2016,November,60.24271157
549125,Palkhed,2016,November,62.25389083
559834,Wharkarwadi,2016,November,55.24337119
559831,Amla,2016,November,59.2555773
532486,Sawanga,2016,November,60.74464789
532445,Amdapur,2016,November,65.76062284
532376,Pimpalkhuta,2016,November,60.2823392
532421,Wathoda,2016,November,65.25050324
532420,Musalkhed,2016,November,62.75939946
532425,Beskheda,2016,November,66.74275168
532426,Porgavhan,2016,November,63.74396889
532367,Tembhurkheda,2016,November,61.26198629
532365,Gavhankund,2016,November,58.74184763
542433,Shiwani Bk.,2016,November,66.75212964
542477,Dharamgaon,2016,November,66.77369091
529781,Mirzapur,2017,November,68.91090917
529722,Umara,2017,November,65.06920577
529705,Jitapur Pr. Rupagad,2017,November,69.05863981
529703,Shahapur Pr. Rupagad,2017,November,71.02456691
529702,Rahnapur,2017,November,80.39490114
529748,Dangarkhed,2017,November,73.49326697
529702,Rahnapur,2017,November,80.39490114
527524,Javakhede,2017,November,58.51354817
527462,Nagaon Kh.,2017,November,59.48643313
527450,Dahiwad Kh.,2017,November,58.49774558
560008,Patoda,2017,November,53.0156535
560036,Daithana Radi,2017,November,55.00021435
560000,Kumbephal,2017,November,59.02273698
559995,Shripatrayachiwadi,2017,November,69.03009
560027,Selu Amba,2017,November,62.97463158
560028,Pokhari,2017,November,57.00972344
560018,Shepwadi,2017,November,58.99235784
560019,Dongar Pimpla,2017,November,69.01154337
559988,Chichkhandi,2017,November,65.01526091
560013,Yelda,2017,November,66.97221784
560012,Mandva (pathan),2017,November,56.98386682
560075,Khapartong,2017,November,57.06711634
533814,TEMBHARI,2017,November,64.49792589
533808,BOTHALI,2017,November,70.49986599
533818,KAKADDARA,2017,November,70.49093328
533813,AJANGAON,2017,November,70.99936255
558833,Anandwadi,2017,November,55.00127196
558821,Pimpalgaon Dani,2017,November,58.95950831
558731,Bandkhel,2017,November,59.00380423
568584,Ambewadi,2017,November,59.01588432
568575,Sherewadi,2017,November,59.02176374
568571,Palaskhel,2017,November,57.00939142
568571,Palaskhel,2017,November,57.00939142
568618,Kamkatrewadi,2017,November,55.00507178
568620,Autewadi,2017,November,54.99893701
568620,Autewadi,2017,November,54.99893701
560677,Yekambiwadi,2017,November,61.02506849
560694,Ashiv,2017,November,47.02081599
560610,Yeloriwadi,2017,November,64.99444089
560671,Dautpur,2017,November,61.01014994
560663,Ramegaon,2017,November,58.98618747
556901,Sawantwadi,2017,November,59.00432769
556897,Undavadi Kade Pathar,2017,November,60.9882285
562052,Dhotre,2017,November,59.03650047
562011,Khadkoni,2017,November,54.97734654
530463,Kanheri,2017,November,54.00867968
530452,Lohgadtanda (N.V.),2017,November,60.98674506
530464,Sarav,2017,November,63.00500989
530461,Chohagaon,2017,November,63.49941398
530537,Hatola,2017,November,67.00654468
530573,Kherda Kh.,2017,November,59.00285398
530573,Kherda Kh.,2017,November,59.00285398
544888,Hadoli,2017,November,62.97515415
544882,Nanda Bk.,2017,November,62.98091486
561192,Walha,2017,November,55.01310379
561191,Pathasangvi,2017,November,59.00115482
561221,Hiwara,2017,November,53.04496448
550493,Urdhul,2017,November,65.49248239
550460,Bopane,2017,November,63.50700667
531606,Hilda,2017,November,59.02221331
531539,Makhala,2017,November,58.9692662
542574,Shelodi,2017,November,61.05409765
542627,Tapona,2017,November,63.4853796
542636,Bothgavan,2017,November,63.0110338
534240,TALNI(BHAGWAT),2017,November,75.49416697
534248,FATTEPUR,2017,November,75.01044584
534225,EKAMBA,2017,November,66.49422553
560890,Nagtirthawadi,2017,November,70.46465863
560888,Kamaroddinpur,2017,November,55.01655752
531402,Sawalikheda,2017,November,63.00070089
531377,Sadrabardi,2017,November,58.98567945
531455,Ghuti,2017,November,63.49058641
531457,Mansubhawdi,2017,November,63.05017827
531449,Jutpani,2017,November,59.49704391
531383,Laktu,2017,November,61.00489523
559868,Umbrayachiwadi,2017,November,66.9557056
559851,Jaybhaychi Wadi,2017,November,60.98709569
548675,Nidhona,2017,November,53.00415862
548671,Wawana,2017,November,54.95978972
548662,Hiwara,2017,November,55.0049197
548725,Dongargaon Kawad,2017,November,55.01691868
548745,Waghola,2017,November,54.98849331
543331,Pandhurna Bk,2017,November,74.52390738
543343,Kumbhari,2017,November,73.51485886
557060,Vyahali,2017,November,57.01773229
556994,Lamjewadi,2017,November,63.003686
557053,Ghorpadwadi,2017,November,56.99627868
556984,Shetphalgadhe,2017,November,55.01657965
556995,Nirgude,2017,November,61.0022603
556987,Takrarwadi,2017,November,39.49410661
528242,Khandvi,2017,November,61.49956936
528208,Wadgaon,2017,November,62.54906829
528208,Wadgaon  Patan,2017,November,62.54906829
568820,Navalwadi,2017,November,61.00413355
568844,Avandhi,2017,November,52.99446328
568847,Bagalwadi,2017,November,64.99664851
568849,Mokashawadi,2017,November,61.00512432
568832,Belunki,2017,November,61.00877982
568864,Lakdewadi,2017,November,73.03367796
568871,Maithal,2017,November,63.02347224
546579,Jamb kh,2017,November,60.99546956
546555,Sawargaon,2017,November,61.02536536
546633,Jununwadi,2017,November,60.94743295
559784,Anandgaon,2017,November,63.00227163
559780,Palaskheda,2017,November,57.01418382
559779,Depewadgaon,2017,November,63.01210455
559773,Kalam Amba,2017,November,69.00909319
559752,Chandansawargaon,2017,November,64.99829716
559772,Kekat Sarni,2017,November,66.99686866
559725,Kashidwadi,2017,November,70.51669641
561343,Wathawada,2017,November,59.01680693
561315,Shelka Dhanora,2017,November,56.96849846
561306,Pimpalgaon Dola,2017,November,54.97626781
561305,Bhatshirapura,2017,November,51.04400536
561316,Kherda,2017,November,56.95219713
542227,Narsapur,2017,November,67.46933066
542298,Tirzada,2017,November,66.51189462
542300,Rajur,2017,November,59.00898114
542307,Khadki,2017,November,62.50708747
546221,Kupti,2017,November,61.00615954
546194,Jaroda,2017,November,65.00217349
546127,Ramwadi,2017,November,59.01710802
530919,Dhanj  Bk,2017,November,47.0217014
530855,Janori,2017,November,56.99274801
530861,Kakadshivni,2017,November,59.00597657
530896,Vilegaon,2017,November,46.04048301
530851,Bhadshivni,2017,November,53.02592961
530904,Jaipur,2017,November,53.00852306
533617,Kajali,2017,November,78.48501078
533621,Nandora,2017,November,74.49599317
558541,Supe,2017,November,59.00012969
558534,Diksal,2017,November,63.01274564
558583,Kumbhefal,2017,November,52.50964182
561857,Shelgaon (K),2017,November,55.01211309
561859,Sarapdoh,2017,November,58.48154728
561881,Malwadi,2017,November,63.01590214
568775,Kerewadi,2017,November,57.51906625
568779,Shelkewadi,2017,November,55.01502027
568563,Tadachiwadi,2017,November,57.03904783
568541,Balvadi (Kha),2017,November,54.99051466
568524,Jondhalkhindi,2017,November,57.00579135
568528,Renavi,2017,November,53.00262583
568519,Sangole,2017,November,59.0203565
568509,Pare,2017,November,53.00523653
563551,Yelmarwadi,2017,November,55.51396123
563530,Gopuj,2017,November,54.99485106
563516,Jaygaon,2017,November,57.00626412
563518,Nandoshi,2017,November,52.50356939
563511,Bhosare,2017,November,57.48907346
563504,Jakhangaon,2017,November,57.02176482
563469,Kalewadi,2017,November,50.48244349
548964,Khirdi,2017,November,49.49465121
548985,Mahamadpur,2017,November,54.51098566
549002,Mamnapur,2017,November,60.99450185
549000,Gadana,2017,November,61.0183685
549001,Borwadi,2017,November,62.45640588
549002,Mamnapur,2017,November,60.99450185
549006,Golegaon,2017,November,55.03735605
563655,Bodhewadi (N.V.),2017,November,54.49684006
563655,Bodhewadi (N.V.),2017,November,54.49684006
563743,Nagzari,2017,November,56.99635409
563669,Rui,2017,November,56.49832102
563669,Rui,2017,November,56.49832102
563726,Nhavi bk,2017,November,54.99829237
563719,Jaygaon,2017,November,57.53500182
563727,Pawarwadi,2017,November,53.51017065
563722,Velu,2017,November,55.03595803
563637,Bichukale,2017,November,57.49499445
563685,Bodhewadi (N.V.),2017,November,57.51192266
563687,Ramusmachi,2017,November,61.5014754
563623,Anbatwadi,2017,November,54.51098773
545303,Wagdarwadi,2017,November,49.02167701
545238,Kalambar Kh.,2017,November,52.94155531
561973,Bhend,2017,November,59.00123016
561991,Anjangaon Kh.,2017,November,62.99742977
562002,Londhewadi,2017,November,60.97741072
563432,Naravane,2017,November,52.99054045
563435,Dhamani,2017,November,59.01942945
563429,Kiraksal,2017,November,51.00510386
563416,Mahimangad,2017,November,53.0113011
563370,Parkhandi,2017,November,56.9838444
563394,Bidal,2017,November,61.00084271
563383,Anubhulewadi (N.V.),2017,November,63.03201085
562653,Jitti,2017,November,71.00718006
562694,Asabewadi,2017,November,79.45804914
530743,Chakwa,2017,November,62.52394563
530753,Borwha bk.,2017,November,59.54096171
532333,Katsur,2017,November,57.00995661
532342,Shirajgaon,2017,November,54.99862362
528658,Sindkhed,2017,November,54.97136144
528661,Ridhora Khandopant,2017,November,57.50826462
558098,Mehekari,2017,November,54.9992956
558072,Manjar Sumbha,2017,November,55.02035432
533105,Pimpalgaon (Bainai),2017,November,57.00311633
533065,Mokhad,2017,November,57.00866742
533063,Kanzara,2017,November,55.04199958
525668,Dhamdai,2017,November,63.49313196
525665,Adachhi,2017,November,67.48412601
534815,Gaimukh,2017,November,71.49125605
534819,Gondegaon,2017,November,75.49814182
560826,Nadi Hattarga,2017,November,53.03040774
560805,Koyachiwadi,2017,November,64.05655083
560806,Rajewadi,2017,November,58.44375561
560804,Sangaraddiwadi,2017,November,55.06315007
560805,Koyachiwadi,2017,November,64.05655083
560805,Koyachiwadi,2017,November,64.05655083
560805,Koyachiwadi,2017,November,64.05655083
560808,Halgara,2017,November,52.98008157
560808,Halgara,2017,November,52.98008157
560811,Tagarkheda,2017,November,54.99821497
560732,Anandwadi (gaur),2017,November,54.5840526
560732,Anandwadi (gaur),2017,November,54.5840526
560732,Anandwadi (gaur),2017,November,54.5840526
560808,Halgara,2017,November,52.98008157
561477,Kawaldara Tanda,2017,November,63.03878499
561446,Darphal,2017,November,52.97416354
561458,Sakanewadi,2017,November,57.00187405
561062,Katewadi,2017,November,54.50645587
561083,Bodakha,2017,November,60.50698985
561109,Kumbhephal,2017,November,54.50316989
559917,Bhilegaon,2017,November,50.1539638
559904,Kavalyachiwadi,2017,November,64.97422845
558268,Palaspur,2017,November,52.9876062
558288,Nandur Pathar,2017,November,56.99618653
557949,Kaudgaon,2017,November,55.03064571
558056,Jogewadi,2017,November,52.45039558
558036,Jambhali,2017,November,55.0112361
530401,Jambharun,2017,November,65.00599216
530396,Shirla,2017,November,58.98495437
530358,Malsoor,2017,November,61.02183773
530353,Sawargaon,2017,November,55.01111432
530354,Pangartati,2017,November,55.03251632
530386,Charmoli,2017,November,54.99315046
556461,Waghapur,2017,November,55.49800784
556507,Bhairavwadi,2017,November,61.51564279
556492,Sakurde,2017,November,62.98987803
556457,Pokhar,2017,November,66.51241376
556457,Pokhar,2017,November,66.51241376
543678,Kochi,2017,November,77.48671438
543650,Vedshi,2017,November,70.96433169
543660,Chondhi,2017,November,69.01873488
543594,Warna,2017,November,64.98785698
543659,Khairgaon (kasar),2017,November,67.50170492
543646,Sakhi-Kh,2017,November,65.50441367
562557,Yelmar Mangewadi,2017,November,65.01426908
562602,Wani Chinchol,2017,November,60.99129366
562615,Narale,2017,November,55.00675013
528362,Kakoda,2017,November,64.50776265
528364,Manardi,2017,November,55.00966799
528294,Salwan,2017,November,59.03459954
533957,REHAKI(KALA),2017,November,71.01989856
534004,KHADKA,2017,November,78.52981456
533913,GAIMUKH,2017,November,76.5432651
551152,Wadzire,2017,November,54.98861817
551195,Mohu,2017,November,53.01144808
562158,Wadala,2017,November,62.97163279
562150,Bhagaiwadi,2017,November,64.97107559
562164,Honsal,2017,November,60.99539094
562165,Raleras,2017,November,55.04709568
562181,Hiraj,2017,November,58.99692901
562181,Hiraj,2017,November,58.99692901
562185,Belati,2017,November,62.99531974
568650,Biranwadi,2017,November,54.99440695
568645,Panmalewadi,2017,November,63.01927369
529621,Chipi,2017,November,70.97884624
542983,Parjana,2017,November,57.01483306
542933,Kalambula,2017,November,43.01429405
543056,Yekamba,2017,November,53.50583502
543045,Morchandi,2017,November,71.49269849
549131,Ballali Sagaj,2017,November,75.52019717
549125,Palkhed,2017,November,77.00854265
559834,Wharkarwadi,2017,November,53.04680271
559831,Amla,2017,November,59.00850955
532486,Sawanga,2017,November,58.96898266
532445,Amdapur,2017,November,61.42986918
532376,Pimpalkhuta,2017,November,50.91291998
532421,Wathoda,2017,November,75.49704634
532420,Musalkhed,2017,November,68.49851039
532425,Beskheda,2017,November,77.51449002
532426,Porgavhan,2017,November,76.49956113
532367,Tembhurkheda,2017,November,56.99419833
532365,Gavhankund,2017,November,55.02969149
542433,Shiwani Bk.,2017,November,62.97729009
542477,Dharamgaon,2017,November,66.50937145
529781,Mirzapur,2018,November,44.96774269
529722,Umara,2018,November,57.01882607
529705,Jitapur Pr. Rupagad,2018,November,57.0479157
529703,Shahapur Pr. Rupagad,2018,November,53.01471033
529702,Rahnapur,2018,November,67.51698435
529748,Dangarkhed,2018,November,46.50207887
529702,Rahnapur,2018,November,67.51698435
527524,Javakhede,2018,November,33.00767668
527462,Nagaon Kh.,2018,November,47.02209047
527450,Dahiwad Kh.,2018,November,47.00788754
560008,Patoda,2018,November,42.97791135
560036,Daithana Radi,2018,November,36.99926214
560000,Kumbephal,2018,November,43.00317714
559995,Shripatrayachiwadi,2018,November,51.05310802
560027,Selu Amba,2018,November,35.01759179
560028,Pokhari,2018,November,32.9788822
560018,Shepwadi,2018,November,37.00841674
560019,Dongar Pimpla,2018,November,43.0220658
559988,Chichkhandi,2018,November,34.99187731
560013,Yelda,2018,November,37.00977694
560012,Mandva (pathan),2018,November,42.98089594
560075,Khapartong,2018,November,47.00355971
533814,TEMBHARI,2018,November,58.98946504
533808,BOTHALI,2018,November,60.99518203
533818,KAKADDARA,2018,November,64.97145459
533813,AJANGAON,2018,November,62.99570689
558833,Anandwadi,2018,November,40.99851814
558821,Pimpalgaon Dani,2018,November,45.04169864
558731,Bandkhel,2018,November,44.99939634
568584,Ambewadi,2018,November,34.9741304
568575,Sherewadi,2018,November,37.9756847
568571,Palaskhel,2018,November,45.03358607
568571,Palaskhel,2018,November,45.03358607
568618,Kamkatrewadi,2018,November,53.00943732
568620,Autewadi,2018,November,54.99496809
568620,Autewadi,2018,November,54.99496809
560677,Yekambiwadi,2018,November,48.97633035
560694,Ashiv,2018,November,58.01957804
560610,Yeloriwadi,2018,November,53.06923336
560671,Dautpur,2018,November,46.97274002
560663,Ramegaon,2018,November,50.99760801
556901,Sawantwadi,2018,November,36.99576517
556897,Undavadi Kade Pathar,2018,November,37.00242922
562052,Dhotre,2018,November,35.00462992
562011,Khadkoni,2018,November,37.02607224
530463,Kanheri,2018,November,41.98626219
530452,Lohgadtanda (N.V.),2018,November,49.0261251
530464,Sarav,2018,November,43.0218146
530461,Chohagaon,2018,November,61.0175698
530537,Hatola,2018,November,51.00925301
530573,Kherda Kh.,2018,November,45.00764364
530573,Kherda Kh.,2018,November,45.00764364
544888,Hadoli,2018,November,45.00012068
544882,Nanda Bk.,2018,November,40.97690048
561192,Walha,2018,November,35.01638655
561191,Pathasangvi,2018,November,47.00228529
561221,Hiwara,2018,November,46.98358592
550493,Urdhul,2018,November,39.03462699
550460,Bopane,2018,November,47.53485084
531606,Hilda,2018,November,40.49780796
531539,Makhala,2018,November,45.00265713
542574,Shelodi,2018,November,47.03501751
542627,Tapona,2018,November,49.02429468
542636,Bothgavan,2018,November,48.9956911
534240,TALNI(BHAGWAT),2018,November,71.01777481
534248,FATTEPUR,2018,November,69.01651218
534225,EKAMBA,2018,November,67.48435953
560890,Nagtirthawadi,2018,November,47.00283672
560888,Kamaroddinpur,2018,November,47.01556855
531402,Sawalikheda,2018,November,46.99475284
531377,Sadrabardi,2018,November,46.99291102
531455,Ghuti,2018,November,46.98758354
531457,Mansubhawdi,2018,November,48.98662014
531449,Jutpani,2018,November,44.99121302
531383,Laktu,2018,November,44.96457631
559868,Umbrayachiwadi,2018,November,31.00801894
559851,Jaybhaychi Wadi,2018,November,43.02351407
548675,Nidhona,2018,November,40.99886792
548671,Wawana,2018,November,43.02635776
548662,Hiwara,2018,November,39.02682414
548725,Dongargaon Kawad,2018,November,39.00222017
548745,Waghola,2018,November,43.0040324
543331,Pandhurna Bk,2018,November,67.48084433
543343,Kumbhari,2018,November,69.0258699
557060,Vyahali,2018,November,37.00322112
556994,Lamjewadi,2018,November,50.99901014
557053,Ghorpadwadi,2018,November,55.00682657
556984,Shetphalgadhe,2018,November,51.02664691
556995,Nirgude,2018,November,48.99697889
556987,Takrarwadi,2018,November,23.02964158
528242,Khandvi,2018,November,36.99720149
528208,Wadgaon,2018,November,59.46808414
528208,Wadgaon  Patan,2018,November,59.46808414
568820,Navalwadi,2018,November,42.98125403
568844,Avandhi,2018,November,38.99875126
568847,Bagalwadi,2018,November,38.98550941
568849,Mokashawadi,2018,November,32.97027636
568832,Belunki,2018,November,45.00340618
568864,Lakdewadi,2018,November,51.01944266
568871,Maithal,2018,November,44.96941038
546579,Jamb kh,2018,November,52.95190996
546555,Sawargaon,2018,November,49.01369473
546633,Jununwadi,2018,November,39.0268123
559784,Anandgaon,2018,November,30.00075916
559780,Palaskheda,2018,November,36.96623194
559779,Depewadgaon,2018,November,41.0293016
559773,Kalam Amba,2018,November,33.00502277
559752,Chandansawargaon,2018,November,30.97649079
559772,Kekat Sarni,2018,November,29.00294905
559725,Kashidwadi,2018,November,40.95209666
561343,Wathawada,2018,November,38.98958906
561315,Shelka Dhanora,2018,November,37.02105909
561306,Pimpalgaon Dola,2018,November,31.0161862
561305,Bhatshirapura,2018,November,27.0522937
561316,Kherda,2018,November,33.00446981
542227,Narsapur,2018,November,65.01855095
542298,Tirzada,2018,November,73.02753053
542300,Rajur,2018,November,62.99919776
542307,Khadki,2018,November,64.99901792
546221,Kupti,2018,November,42.98718988
546194,Jaroda,2018,November,46.98327822
546127,Ramwadi,2018,November,45.03839807
530919,Dhanj  Bk,2018,November,48.99882291
530855,Janori,2018,November,52.98494384
530861,Kakadshivni,2018,November,52.95558906
530896,Vilegaon,2018,November,61.02764627
530851,Bhadshivni,2018,November,56.97015495
530904,Jaipur,2018,November,53.01037226
533617,Kajali,2018,November,73.10898832
533621,Nandora,2018,November,64.99166144
558541,Supe,2018,November,32.9915175
558534,Diksal,2018,November,36.99726781
558583,Kumbhefal,2018,November,32.99503625
561857,Shelgaon (K),2018,November,28.95243281
561859,Sarapdoh,2018,November,45.04112778
561881,Malwadi,2018,November,40.98112609
568775,Kerewadi,2018,November,43.02714933
568779,Shelkewadi,2018,November,43.01388608
568563,Tadachiwadi,2018,November,47.03515915
568541,Balvadi (Kha),2018,November,46.97156147
568524,Jondhalkhindi,2018,November,56.99542088
568528,Renavi,2018,November,52.99564153
568519,Sangole,2018,November,57.01253459
568509,Pare,2018,November,53.00073015
563551,Yelmarwadi,2018,November,47.04363434
563530,Gopuj,2018,November,50.99255639
563516,Jaygaon,2018,November,53.01474658
563518,Nandoshi,2018,November,49.46637851
563511,Bhosare,2018,November,59.02770951
563504,Jakhangaon,2018,November,62.98442684
563469,Kalewadi,2018,November,49.49533007
548964,Khirdi,2018,November,35.01686102
548985,Mahamadpur,2018,November,35.48182319
549002,Mamnapur,2018,November,38.99108756
549000,Gadana,2018,November,33.00006603
549001,Borwadi,2018,November,33.07460585
549002,Mamnapur,2018,November,38.99108756
549006,Golegaon,2018,November,33.01047141
563655,Bodhewadi (N.V.),2018,November,55.52314173
563655,Bodhewadi (N.V.),2018,November,55.52314173
563743,Nagzari,2018,November,54.96714558
563669,Rui,2018,November,59.03453485
563669,Rui,2018,November,59.03453485
563726,Nhavi bk,2018,November,55.01361583
563719,Jaygaon,2018,November,64.98998122
563727,Pawarwadi,2018,November,54.98039358
563722,Velu,2018,November,54.9875285
563637,Bichukale,2018,November,64.49548545
563685,Bodhewadi (N.V.),2018,November,55.03812576
563687,Ramusmachi,2018,November,64.54535777
563623,Anbatwadi,2018,November,59.01835428
545303,Wagdarwadi,2018,November,42.0290351
545238,Kalambar Kh.,2018,November,42.98401424
561973,Bhend,2018,November,34.99136289
561991,Anjangaon Kh.,2018,November,43.02069565
562002,Londhewadi,2018,November,42.96318683
563432,Naravane,2018,November,45.01667133
563435,Dhamani,2018,November,51.00348106
563429,Kiraksal,2018,November,53.02136611
563416,Mahimangad,2018,November,47.01175887
563370,Parkhandi,2018,November,51.03178148
563394,Bidal,2018,November,48.99643123
563383,Anubhulewadi (N.V.),2018,November,46.96280062
562653,Jitti,2018,November,43.00270601
562694,Asabewadi,2018,November,61.00549033
530743,Chakwa,2018,November,52.96778993
530753,Borwha bk.,2018,November,48.96112662
532333,Katsur,2018,November,57.03976326
532342,Shirajgaon,2018,November,53.01377202
528658,Sindkhed,2018,November,51.51471945
528661,Ridhora Khandopant,2018,November,47.49972579
558098,Mehekari,2018,November,38.99424703
558072,Manjar Sumbha,2018,November,45.01002172
533105,Pimpalgaon (Bainai),2018,November,54.96986859
533065,Mokhad,2018,November,52.97993784
533063,Kanzara,2018,November,54.99795365
525668,Dhamdai,2018,November,35.48852998
525665,Adachhi,2018,November,42.49588113
534815,Gaimukh,2018,November,64.92298165
534819,Gondegaon,2018,November,67.01800808
560826,Nadi Hattarga,2018,November,46.99382303
560805,Koyachiwadi,2018,November,51.72824063
560806,Rajewadi,2018,November,28.98845263
560804,Sangaraddiwadi,2018,November,30.96793405
560805,Koyachiwadi,2018,November,51.72824063
560805,Koyachiwadi,2018,November,51.72824063
560805,Koyachiwadi,2018,November,51.72824063
560808,Halgara,2018,November,32.99153489
560808,Halgara,2018,November,32.99153489
560811,Tagarkheda,2018,November,34.97276991
560732,Anandwadi (gaur),2018,November,59.61112053
560732,Anandwadi (gaur),2018,November,59.61112053
560732,Anandwadi (gaur),2018,November,59.61112053
560808,Halgara,2018,November,32.99153489
561477,Kawaldara Tanda,2018,November,50.93135897
561446,Darphal,2018,November,43.00809599
561458,Sakanewadi,2018,November,40.96362795
561062,Katewadi,2018,November,26.98174416
561083,Bodakha,2018,November,41.47688385
561109,Kumbhephal,2018,November,44.98861241
559917,Bhilegaon,2018,November,39.82147884
559904,Kavalyachiwadi,2018,November,30.99666703
558268,Palaspur,2018,November,43.0102872
558288,Nandur Pathar,2018,November,52.96865496
557949,Kaudgaon,2018,November,34.9888874
558056,Jogewadi,2018,November,30.98877002
558036,Jambhali,2018,November,24.97584579
530401,Jambharun,2018,November,51.03701725
530396,Shirla,2018,November,49.00330493
530358,Malsoor,2018,November,53.01889417
530353,Sawargaon,2018,November,50.02481007
530354,Pangartati,2018,November,48.99519483
530386,Charmoli,2018,November,53.02262676
556461,Waghapur,2018,November,43.01230445
556507,Bhairavwadi,2018,November,50.97598739
556492,Sakurde,2018,November,54.98458966
556457,Pokhar,2018,November,57.53413318
556457,Pokhar,2018,November,57.53413318
543678,Kochi,2018,November,61.04811459
543650,Vedshi,2018,November,61.01296291
543660,Chondhi,2018,November,61.02449825
543594,Warna,2018,November,69.00802874
543659,Khairgaon (kasar),2018,November,59.0054573
543646,Sakhi-Kh,2018,November,59.02555441
562557,Yelmar Mangewadi,2018,November,46.9903407
562602,Wani Chinchol,2018,November,46.99493359
562615,Narale,2018,November,36.95821908
528362,Kakoda,2018,November,45.00838322
528364,Manardi,2018,November,55.06305522
528294,Salwan,2018,November,43.03630399
533957,REHAKI(KALA),2018,November,54.94368179
534004,KHADKA,2018,November,62.98077988
533913,GAIMUKH,2018,November,63.03189946
551152,Wadzire,2018,November,48.9798578
551195,Mohu,2018,November,46.98680262
562158,Wadala,2018,November,50.99413343
562150,Bhagaiwadi,2018,November,44.96507433
562164,Honsal,2018,November,55.00973005
562165,Raleras,2018,November,58.95793733
562181,Hiraj,2018,November,44.98989569
562181,Hiraj,2018,November,44.98989569
562185,Belati,2018,November,42.99850594
568650,Biranwadi,2018,November,44.98627464
568645,Panmalewadi,2018,November,63.00601891
529621,Chipi,2018,November,48.98739631
542983,Parjana,2018,November,49.01658237
542933,Kalambula,2018,November,36.97768326
543056,Yekamba,2018,November,52.98852019
543045,Morchandi,2018,November,63.46723149
549131,Ballali Sagaj,2018,November,31.02953317
549125,Palkhed,2018,November,28.99383415
559834,Wharkarwadi,2018,November,44.99442454
559831,Amla,2018,November,41.03667735
532486,Sawanga,2018,November,45.02721689
532445,Amdapur,2018,November,46.97891514
532376,Pimpalkhuta,2018,November,42.92052533
532421,Wathoda,2018,November,66.49195958
532420,Musalkhed,2018,November,60.50652921
532425,Beskheda,2018,November,71.01220339
532426,Porgavhan,2018,November,71.00509234
532367,Tembhurkheda,2018,November,43.00446618
532365,Gavhankund,2018,November,36.98931845
542433,Shiwani Bk.,2018,November,64.97347927
542477,Dharamgaon,2018,November,70.47035084
